Consumer,Promotion,Opened Email,Clicked Email Link,Created Account,Paid for Membership
1,Free Month,N,N,N,N
2,10% off,N,N,N,N
3,Free Month,N,N,N,N
4,10% off,N,N,N,N
5,Free Month,N,N,N,N
6,10% off,N,N,N,N
7,Free Month,N,N,N,N
8,10% off,Y,N,N,N
9,Free Month,N,N,N,N
10,10% off,Y,Y,Y,Y
11,Free Month,N,N,N,N
12,10% off,N,N,N,N
13,Free Month,Y,Y,N,N
14,10% off,Y,N,N,N
15,Free Month,Y,Y,Y,N
16,10% off,Y,N,N,N
17,Free Month,Y,N,N,N
18,10% off,N,N,N,N
19,Free Month,N,N,N,N
20,10% off,N,N,N,N
21,Free Month,N,N,N,N
22,10% off,Y,Y,Y,Y
23,Free Month,Y,N,N,N
24,10% off,Y,Y,Y,N
25,Free Month,Y,N,N,N
26,10% off,N,N,N,N
27,Free Month,Y,N,N,N
28,10% off,N,N,N,N
29,Free Month,N,N,N,N
30,10% off,N,N,N,N
31,Free Month,N,N,N,N
32,10% off,Y,Y,Y,Y
33,Free Month,N,N,N,N
34,10% off,Y,N,N,N
35,Free Month,N,N,N,N
36,10% off,N,N,N,N
37,Free Month,N,N,N,N
38,10% off,N,N,N,N
39,Free Month,Y,Y,N,N
40,10% off,N,N,N,N
41,Free Month,N,N,N,N
42,10% off,N,N,N,N
43,Free Month,Y,Y,N,N
44,10% off,N,N,N,N
45,Free Month,Y,N,N,N
46,10% off,N,N,N,N
47,Free Month,Y,Y,Y,Y
48,10% off,N,N,N,N
49,Free Month,N,N,N,N
50,10% off,N,N,N,N
51,Free Month,N,N,N,N
52,10% off,N,N,N,N
53,Free Month,N,N,N,N
54,10% off,N,N,N,N
55,Free Month,Y,Y,Y,N
56,10% off,Y,Y,Y,Y
57,Free Month,N,N,N,N
58,10% off,Y,Y,Y,Y
59,Free Month,N,N,N,N
60,10% off,Y,Y,Y,Y
61,Free Month,N,N,N,N
62,10% off,N,N,N,N
63,Free Month,N,N,N,N
64,10% off,N,N,N,N
65,Free Month,Y,Y,Y,Y
66,10% off,N,N,N,N
67,Free Month,N,N,N,N
68,10% off,Y,Y,Y,Y
69,Free Month,N,N,N,N
70,10% off,N,N,N,N
71,Free Month,N,N,N,N
72,10% off,N,N,N,N
73,Free Month,N,N,N,N
74,10% off,Y,N,N,N
75,Free Month,N,N,N,N
76,10% off,N,N,N,N
77,Free Month,N,N,N,N
78,10% off,N,N,N,N
79,Free Month,N,N,N,N
80,10% off,Y,N,N,N
81,Free Month,Y,N,N,N
82,10% off,Y,Y,Y,Y
83,Free Month,Y,N,N,N
84,10% off,N,N,N,N
85,Free Month,N,N,N,N
86,10% off,N,N,N,N
87,Free Month,N,N,N,N
88,10% off,N,N,N,N
89,Free Month,N,N,N,N
90,10% off,N,N,N,N
91,Free Month,N,N,N,N
92,10% off,N,N,N,N
93,Free Month,N,N,N,N
94,10% off,N,N,N,N
95,Free Month,Y,Y,Y,N
96,10% off,Y,Y,Y,N
97,Free Month,N,N,N,N
98,10% off,N,N,N,N
99,Free Month,N,N,N,N
100,10% off,Y,Y,Y,Y
101,Free Month,N,N,N,N
102,10% off,N,N,N,N
103,Free Month,Y,N,N,N
104,10% off,Y,Y,Y,Y
105,Free Month,Y,N,N,N
106,10% off,N,N,N,N
107,Free Month,N,N,N,N
108,10% off,N,N,N,N
109,Free Month,Y,Y,Y,Y
110,10% off,N,N,N,N
111,Free Month,Y,N,N,N
112,10% off,N,N,N,N
113,Free Month,Y,N,N,N
114,10% off,N,N,N,N
115,Free Month,Y,N,N,N
116,10% off,N,N,N,N
117,Free Month,Y,Y,Y,Y
118,10% off,Y,Y,Y,N
119,Free Month,Y,Y,Y,Y
120,10% off,N,N,N,N
121,Free Month,N,N,N,N
122,10% off,N,N,N,N
123,Free Month,N,N,N,N
124,10% off,N,N,N,N
125,Free Month,N,N,N,N
126,10% off,N,N,N,N
127,Free Month,Y,Y,Y,Y
128,10% off,N,N,N,N
129,Free Month,Y,Y,Y,Y
130,10% off,N,N,N,N
131,Free Month,Y,N,N,N
132,10% off,N,N,N,N
133,Free Month,N,N,N,N
134,10% off,N,N,N,N
135,Free Month,N,N,N,N
136,10% off,N,N,N,N
137,Free Month,Y,Y,Y,N
138,10% off,N,N,N,N
139,Free Month,N,N,N,N
140,10% off,N,N,N,N
141,Free Month,Y,Y,Y,N
142,10% off,N,N,N,N
143,Free Month,Y,Y,N,N
144,10% off,N,N,N,N
145,Free Month,N,N,N,N
146,10% off,N,N,N,N
147,Free Month,N,N,N,N
148,10% off,N,N,N,N
149,Free Month,N,N,N,N
150,10% off,N,N,N,N
151,Free Month,Y,Y,N,N
152,10% off,N,N,N,N
153,Free Month,N,N,N,N
154,10% off,N,N,N,N
155,Free Month,N,N,N,N
156,10% off,Y,Y,N,N
157,Free Month,N,N,N,N
158,10% off,Y,N,N,N
159,Free Month,N,N,N,N
160,10% off,Y,N,N,N
161,Free Month,N,N,N,N
162,10% off,N,N,N,N
163,Free Month,N,N,N,N
164,10% off,N,N,N,N
165,Free Month,Y,Y,Y,Y
166,10% off,N,N,N,N
167,Free Month,N,N,N,N
168,10% off,Y,N,N,N
169,Free Month,N,N,N,N
170,10% off,N,N,N,N
171,Free Month,N,N,N,N
172,10% off,N,N,N,N
173,Free Month,N,N,N,N
174,10% off,N,N,N,N
175,Free Month,N,N,N,N
176,10% off,N,N,N,N
177,Free Month,Y,Y,Y,Y
178,10% off,N,N,N,N
179,Free Month,N,N,N,N
180,10% off,Y,N,N,N
181,Free Month,Y,N,N,N
182,10% off,N,N,N,N
183,Free Month,N,N,N,N
184,10% off,N,N,N,N
185,Free Month,N,N,N,N
186,10% off,N,N,N,N
187,Free Month,Y,Y,Y,Y
188,10% off,N,N,N,N
189,Free Month,Y,N,N,N
190,10% off,Y,Y,Y,Y
191,Free Month,N,N,N,N
192,10% off,Y,N,N,N
193,Free Month,N,N,N,N
194,10% off,N,N,N,N
195,Free Month,N,N,N,N
196,10% off,N,N,N,N
197,Free Month,N,N,N,N
198,10% off,N,N,N,N
199,Free Month,Y,N,N,N
200,10% off,N,N,N,N
201,Free Month,N,N,N,N
202,10% off,N,N,N,N
203,Free Month,Y,Y,Y,Y
204,10% off,N,N,N,N
205,Free Month,N,N,N,N
206,10% off,Y,Y,Y,Y
207,Free Month,N,N,N,N
208,10% off,N,N,N,N
209,Free Month,Y,N,N,N
210,10% off,Y,Y,Y,Y
211,Free Month,N,N,N,N
212,10% off,Y,Y,Y,Y
213,Free Month,N,N,N,N
214,10% off,Y,Y,Y,Y
215,Free Month,N,N,N,N
216,10% off,N,N,N,N
217,Free Month,N,N,N,N
218,10% off,Y,N,N,N
219,Free Month,N,N,N,N
220,10% off,N,N,N,N
221,Free Month,Y,N,N,N
222,10% off,N,N,N,N
223,Free Month,N,N,N,N
224,10% off,N,N,N,N
225,Free Month,N,N,N,N
226,10% off,N,N,N,N
227,Free Month,N,N,N,N
228,10% off,N,N,N,N
229,Free Month,Y,Y,Y,Y
230,10% off,N,N,N,N
231,Free Month,N,N,N,N
232,10% off,N,N,N,N
233,Free Month,Y,N,N,N
234,10% off,N,N,N,N
235,Free Month,N,N,N,N
236,10% off,Y,N,N,N
237,Free Month,N,N,N,N
238,10% off,N,N,N,N
239,Free Month,N,N,N,N
240,10% off,Y,Y,N,N
241,Free Month,Y,Y,N,N
242,10% off,Y,N,N,N
243,Free Month,Y,Y,N,N
244,10% off,Y,N,N,N
245,Free Month,N,N,N,N
246,10% off,N,N,N,N
247,Free Month,Y,Y,N,N
248,10% off,N,N,N,N
249,Free Month,Y,N,N,N
250,10% off,N,N,N,N
251,Free Month,Y,Y,Y,Y
252,10% off,N,N,N,N
253,Free Month,N,N,N,N
254,10% off,Y,N,N,N
255,Free Month,N,N,N,N
256,10% off,N,N,N,N
257,Free Month,N,N,N,N
258,10% off,N,N,N,N
259,Free Month,N,N,N,N
260,10% off,Y,Y,Y,Y
261,Free Month,N,N,N,N
262,10% off,N,N,N,N
263,Free Month,N,N,N,N
264,10% off,Y,N,N,N
265,Free Month,Y,Y,Y,Y
266,10% off,N,N,N,N
267,Free Month,Y,N,N,N
268,10% off,Y,N,N,N
269,Free Month,N,N,N,N
270,10% off,N,N,N,N
271,Free Month,Y,N,N,N
272,10% off,N,N,N,N
273,Free Month,N,N,N,N
274,10% off,N,N,N,N
275,Free Month,N,N,N,N
276,10% off,N,N,N,N
277,Free Month,Y,N,N,N
278,10% off,Y,Y,N,N
279,Free Month,N,N,N,N
280,10% off,N,N,N,N
281,Free Month,N,N,N,N
282,10% off,N,N,N,N
283,Free Month,N,N,N,N
284,10% off,Y,Y,Y,Y
285,Free Month,N,N,N,N
286,10% off,N,N,N,N
287,Free Month,N,N,N,N
288,10% off,N,N,N,N
289,Free Month,N,N,N,N
290,10% off,Y,N,N,N
291,Free Month,N,N,N,N
292,10% off,N,N,N,N
293,Free Month,N,N,N,N
294,10% off,Y,Y,Y,Y
295,Free Month,N,N,N,N
296,10% off,N,N,N,N
297,Free Month,N,N,N,N
298,10% off,N,N,N,N
299,Free Month,N,N,N,N
300,10% off,Y,N,N,N
301,Free Month,N,N,N,N
302,10% off,Y,Y,Y,Y
303,Free Month,N,N,N,N
304,10% off,Y,N,N,N
305,Free Month,N,N,N,N
306,10% off,N,N,N,N
307,Free Month,Y,Y,N,N
308,10% off,Y,N,N,N
309,Free Month,N,N,N,N
310,10% off,N,N,N,N
311,Free Month,Y,N,N,N
312,10% off,N,N,N,N
313,Free Month,Y,Y,Y,N
314,10% off,N,N,N,N
315,Free Month,Y,Y,Y,N
316,10% off,Y,Y,Y,N
317,Free Month,N,N,N,N
318,10% off,Y,Y,Y,Y
319,Free Month,N,N,N,N
320,10% off,Y,N,N,N
321,Free Month,N,N,N,N
322,10% off,N,N,N,N
323,Free Month,N,N,N,N
324,10% off,Y,N,N,N
325,Free Month,N,N,N,N
326,10% off,Y,N,N,N
327,Free Month,N,N,N,N
328,10% off,N,N,N,N
329,Free Month,N,N,N,N
330,10% off,N,N,N,N
331,Free Month,N,N,N,N
332,10% off,N,N,N,N
333,Free Month,N,N,N,N
334,10% off,N,N,N,N
335,Free Month,Y,N,N,N
336,10% off,N,N,N,N
337,Free Month,Y,Y,N,N
338,10% off,N,N,N,N
339,Free Month,N,N,N,N
340,10% off,Y,Y,N,N
341,Free Month,Y,Y,N,N
342,10% off,Y,N,N,N
343,Free Month,Y,N,N,N
344,10% off,N,N,N,N
345,Free Month,N,N,N,N
346,10% off,N,N,N,N
347,Free Month,N,N,N,N
348,10% off,Y,N,N,N
349,Free Month,Y,N,N,N
350,10% off,Y,Y,N,N
351,Free Month,N,N,N,N
352,10% off,Y,Y,Y,Y
353,Free Month,N,N,N,N
354,10% off,N,N,N,N
355,Free Month,N,N,N,N
356,10% off,N,N,N,N
357,Free Month,N,N,N,N
358,10% off,Y,N,N,N
359,Free Month,Y,Y,N,N
360,10% off,Y,Y,Y,N
361,Free Month,N,N,N,N
362,10% off,N,N,N,N
363,Free Month,Y,Y,N,N
364,10% off,N,N,N,N
365,Free Month,N,N,N,N
366,10% off,N,N,N,N
367,Free Month,N,N,N,N
368,10% off,N,N,N,N
369,Free Month,N,N,N,N
370,10% off,N,N,N,N
371,Free Month,N,N,N,N
372,10% off,N,N,N,N
373,Free Month,Y,Y,N,N
374,10% off,N,N,N,N
375,Free Month,Y,Y,Y,Y
376,10% off,N,N,N,N
377,Free Month,N,N,N,N
378,10% off,N,N,N,N
379,Free Month,Y,N,N,N
380,10% off,N,N,N,N
381,Free Month,N,N,N,N
382,10% off,N,N,N,N
383,Free Month,N,N,N,N
384,10% off,N,N,N,N
385,Free Month,N,N,N,N
386,10% off,N,N,N,N
387,Free Month,N,N,N,N
388,10% off,Y,Y,Y,Y
389,Free Month,N,N,N,N
390,10% off,N,N,N,N
391,Free Month,N,N,N,N
392,10% off,N,N,N,N
393,Free Month,Y,N,N,N
394,10% off,N,N,N,N
395,Free Month,Y,Y,Y,Y
396,10% off,N,N,N,N
397,Free Month,N,N,N,N
398,10% off,Y,Y,Y,Y
399,Free Month,N,N,N,N
400,10% off,N,N,N,N
401,Free Month,N,N,N,N
402,10% off,N,N,N,N
403,Free Month,Y,Y,N,N
404,10% off,N,N,N,N
405,Free Month,N,N,N,N
406,10% off,Y,N,N,N
407,Free Month,Y,N,N,N
408,10% off,N,N,N,N
409,Free Month,Y,Y,N,N
410,10% off,N,N,N,N
411,Free Month,Y,N,N,N
412,10% off,N,N,N,N
413,Free Month,N,N,N,N
414,10% off,N,N,N,N
415,Free Month,N,N,N,N
416,10% off,N,N,N,N
417,Free Month,N,N,N,N
418,10% off,N,N,N,N
419,Free Month,N,N,N,N
420,10% off,Y,N,N,N
421,Free Month,N,N,N,N
422,10% off,Y,N,N,N
423,Free Month,Y,N,N,N
424,10% off,N,N,N,N
425,Free Month,N,N,N,N
426,10% off,N,N,N,N
427,Free Month,N,N,N,N
428,10% off,N,N,N,N
429,Free Month,Y,Y,N,N
430,10% off,Y,Y,Y,Y
431,Free Month,Y,N,N,N
432,10% off,N,N,N,N
433,Free Month,N,N,N,N
434,10% off,N,N,N,N
435,Free Month,N,N,N,N
436,10% off,N,N,N,N
437,Free Month,N,N,N,N
438,10% off,N,N,N,N
439,Free Month,N,N,N,N
440,10% off,N,N,N,N
441,Free Month,N,N,N,N
442,10% off,N,N,N,N
443,Free Month,N,N,N,N
444,10% off,N,N,N,N
445,Free Month,Y,N,N,N
446,10% off,N,N,N,N
447,Free Month,N,N,N,N
448,10% off,Y,Y,Y,Y
449,Free Month,Y,N,N,N
450,10% off,N,N,N,N
451,Free Month,Y,Y,Y,Y
452,10% off,N,N,N,N
453,Free Month,N,N,N,N
454,10% off,N,N,N,N
455,Free Month,Y,Y,Y,Y
456,10% off,N,N,N,N
457,Free Month,N,N,N,N
458,10% off,N,N,N,N
459,Free Month,N,N,N,N
460,10% off,N,N,N,N
461,Free Month,N,N,N,N
462,10% off,N,N,N,N
463,Free Month,N,N,N,N
464,10% off,N,N,N,N
465,Free Month,Y,Y,N,N
466,10% off,N,N,N,N
467,Free Month,N,N,N,N
468,10% off,Y,N,N,N
469,Free Month,N,N,N,N
470,10% off,N,N,N,N
471,Free Month,Y,Y,N,N
472,10% off,N,N,N,N
473,Free Month,N,N,N,N
474,10% off,N,N,N,N
475,Free Month,N,N,N,N
476,10% off,Y,Y,Y,Y
477,Free Month,N,N,N,N
478,10% off,Y,Y,Y,Y
479,Free Month,N,N,N,N
480,10% off,N,N,N,N
481,Free Month,Y,Y,N,N
482,10% off,N,N,N,N
483,Free Month,Y,Y,Y,N
484,10% off,Y,Y,N,N
485,Free Month,N,N,N,N
486,10% off,N,N,N,N
487,Free Month,Y,N,N,N
488,10% off,Y,N,N,N
489,Free Month,N,N,N,N
490,10% off,Y,N,N,N
491,Free Month,Y,Y,N,N
492,10% off,Y,N,N,N
493,Free Month,N,N,N,N
494,10% off,Y,N,N,N
495,Free Month,N,N,N,N
496,10% off,Y,N,N,N
497,Free Month,N,N,N,N
498,10% off,N,N,N,N
499,Free Month,N,N,N,N
500,10% off,N,N,N,N
501,Free Month,N,N,N,N
502,10% off,N,N,N,N
503,Free Month,N,N,N,N
504,10% off,N,N,N,N
505,Free Month,N,N,N,N
506,10% off,N,N,N,N
507,Free Month,Y,Y,N,N
508,10% off,N,N,N,N
509,Free Month,Y,Y,N,N
510,10% off,N,N,N,N
511,Free Month,N,N,N,N
512,10% off,N,N,N,N
513,Free Month,N,N,N,N
514,10% off,N,N,N,N
515,Free Month,N,N,N,N
516,10% off,N,N,N,N
517,Free Month,N,N,N,N
518,10% off,N,N,N,N
519,Free Month,Y,Y,Y,N
520,10% off,N,N,N,N
521,Free Month,N,N,N,N
522,10% off,N,N,N,N
523,Free Month,N,N,N,N
524,10% off,N,N,N,N
525,Free Month,N,N,N,N
526,10% off,N,N,N,N
527,Free Month,Y,N,N,N
528,10% off,N,N,N,N
529,Free Month,N,N,N,N
530,10% off,Y,Y,N,N
531,Free Month,N,N,N,N
532,10% off,Y,N,N,N
533,Free Month,Y,N,N,N
534,10% off,N,N,N,N
535,Free Month,Y,Y,Y,Y
536,10% off,N,N,N,N
537,Free Month,Y,N,N,N
538,10% off,Y,Y,N,N
539,Free Month,Y,N,N,N
540,10% off,Y,N,N,N
541,Free Month,N,N,N,N
542,10% off,N,N,N,N
543,Free Month,Y,N,N,N
544,10% off,N,N,N,N
545,Free Month,N,N,N,N
546,10% off,N,N,N,N
547,Free Month,Y,Y,Y,Y
548,10% off,Y,N,N,N
549,Free Month,N,N,N,N
550,10% off,N,N,N,N
551,Free Month,Y,Y,N,N
552,10% off,N,N,N,N
553,Free Month,Y,N,N,N
554,10% off,N,N,N,N
555,Free Month,N,N,N,N
556,10% off,N,N,N,N
557,Free Month,N,N,N,N
558,10% off,Y,N,N,N
559,Free Month,N,N,N,N
560,10% off,Y,N,N,N
561,Free Month,Y,N,N,N
562,10% off,N,N,N,N
563,Free Month,N,N,N,N
564,10% off,N,N,N,N
565,Free Month,Y,Y,N,N
566,10% off,N,N,N,N
567,Free Month,N,N,N,N
568,10% off,N,N,N,N
569,Free Month,N,N,N,N
570,10% off,Y,N,N,N
571,Free Month,N,N,N,N
572,10% off,Y,Y,N,N
573,Free Month,Y,N,N,N
574,10% off,Y,Y,Y,Y
575,Free Month,Y,N,N,N
576,10% off,Y,N,N,N
577,Free Month,Y,N,N,N
578,10% off,Y,N,N,N
579,Free Month,Y,Y,N,N
580,10% off,N,N,N,N
581,Free Month,Y,Y,N,N
582,10% off,N,N,N,N
583,Free Month,N,N,N,N
584,10% off,Y,N,N,N
585,Free Month,Y,N,N,N
586,10% off,N,N,N,N
587,Free Month,N,N,N,N
588,10% off,Y,N,N,N
589,Free Month,N,N,N,N
590,10% off,N,N,N,N
591,Free Month,Y,Y,N,N
592,10% off,N,N,N,N
593,Free Month,N,N,N,N
594,10% off,N,N,N,N
595,Free Month,N,N,N,N
596,10% off,Y,Y,N,N
597,Free Month,N,N,N,N
598,10% off,N,N,N,N
599,Free Month,Y,Y,Y,Y
600,10% off,Y,Y,Y,Y
601,Free Month,Y,Y,Y,Y
602,10% off,Y,Y,Y,Y
603,Free Month,Y,N,N,N
604,10% off,N,N,N,N
605,Free Month,N,N,N,N
606,10% off,Y,Y,Y,Y
607,Free Month,N,N,N,N
608,10% off,N,N,N,N
609,Free Month,Y,N,N,N
610,10% off,Y,N,N,N
611,Free Month,N,N,N,N
612,10% off,N,N,N,N
613,Free Month,N,N,N,N
614,10% off,N,N,N,N
615,Free Month,Y,Y,N,N
616,10% off,N,N,N,N
617,Free Month,N,N,N,N
618,10% off,Y,N,N,N
619,Free Month,N,N,N,N
620,10% off,N,N,N,N
621,Free Month,N,N,N,N
622,10% off,Y,Y,Y,Y
623,Free Month,N,N,N,N
624,10% off,N,N,N,N
625,Free Month,N,N,N,N
626,10% off,Y,N,N,N
627,Free Month,N,N,N,N
628,10% off,N,N,N,N
629,Free Month,N,N,N,N
630,10% off,N,N,N,N
631,Free Month,Y,N,N,N
632,10% off,Y,N,N,N
633,Free Month,N,N,N,N
634,10% off,N,N,N,N
635,Free Month,N,N,N,N
636,10% off,Y,N,N,N
637,Free Month,N,N,N,N
638,10% off,N,N,N,N
639,Free Month,N,N,N,N
640,10% off,Y,N,N,N
641,Free Month,Y,Y,Y,Y
642,10% off,N,N,N,N
643,Free Month,N,N,N,N
644,10% off,N,N,N,N
645,Free Month,N,N,N,N
646,10% off,Y,N,N,N
647,Free Month,N,N,N,N
648,10% off,Y,N,N,N
649,Free Month,N,N,N,N
650,10% off,N,N,N,N
651,Free Month,N,N,N,N
652,10% off,Y,Y,Y,Y
653,Free Month,Y,N,N,N
654,10% off,Y,Y,Y,Y
655,Free Month,Y,N,N,N
656,10% off,N,N,N,N
657,Free Month,Y,N,N,N
658,10% off,N,N,N,N
659,Free Month,N,N,N,N
660,10% off,N,N,N,N
661,Free Month,N,N,N,N
662,10% off,N,N,N,N
663,Free Month,Y,Y,Y,Y
664,10% off,N,N,N,N
665,Free Month,N,N,N,N
666,10% off,Y,Y,N,N
667,Free Month,Y,Y,N,N
668,10% off,Y,N,N,N
669,Free Month,N,N,N,N
670,10% off,Y,N,N,N
671,Free Month,N,N,N,N
672,10% off,N,N,N,N
673,Free Month,N,N,N,N
674,10% off,N,N,N,N
675,Free Month,Y,Y,Y,Y
676,10% off,N,N,N,N
677,Free Month,N,N,N,N
678,10% off,Y,Y,Y,Y
679,Free Month,N,N,N,N
680,10% off,N,N,N,N
681,Free Month,N,N,N,N
682,10% off,N,N,N,N
683,Free Month,N,N,N,N
684,10% off,Y,Y,Y,Y
685,Free Month,N,N,N,N
686,10% off,N,N,N,N
687,Free Month,Y,Y,Y,N
688,10% off,Y,Y,Y,Y
689,Free Month,Y,Y,Y,Y
690,10% off,N,N,N,N
691,Free Month,N,N,N,N
692,10% off,N,N,N,N
693,Free Month,Y,N,N,N
694,10% off,N,N,N,N
695,Free Month,Y,Y,N,N
696,10% off,N,N,N,N
697,Free Month,N,N,N,N
698,10% off,N,N,N,N
699,Free Month,Y,Y,N,N
700,10% off,Y,Y,Y,Y
701,Free Month,N,N,N,N
702,10% off,N,N,N,N
703,Free Month,N,N,N,N
704,10% off,N,N,N,N
705,Free Month,Y,N,N,N
706,10% off,N,N,N,N
707,Free Month,Y,Y,N,N
708,10% off,N,N,N,N
709,Free Month,Y,Y,N,N
710,10% off,N,N,N,N
711,Free Month,Y,Y,Y,Y
712,10% off,Y,Y,Y,Y
713,Free Month,N,N,N,N
714,10% off,N,N,N,N
715,Free Month,Y,N,N,N
716,10% off,Y,N,N,N
717,Free Month,Y,Y,Y,N
718,10% off,N,N,N,N
719,Free Month,Y,N,N,N
720,10% off,N,N,N,N
721,Free Month,N,N,N,N
722,10% off,N,N,N,N
723,Free Month,Y,Y,N,N
724,10% off,N,N,N,N
725,Free Month,N,N,N,N
726,10% off,Y,N,N,N
727,Free Month,N,N,N,N
728,10% off,N,N,N,N
729,Free Month,Y,Y,Y,Y
730,10% off,Y,Y,Y,Y
731,Free Month,N,N,N,N
732,10% off,N,N,N,N
733,Free Month,N,N,N,N
734,10% off,Y,N,N,N
735,Free Month,Y,N,N,N
736,10% off,N,N,N,N
737,Free Month,Y,N,N,N
738,10% off,N,N,N,N
739,Free Month,Y,Y,N,N
740,10% off,N,N,N,N
741,Free Month,N,N,N,N
742,10% off,N,N,N,N
743,Free Month,N,N,N,N
744,10% off,Y,N,N,N
745,Free Month,N,N,N,N
746,10% off,N,N,N,N
747,Free Month,N,N,N,N
748,10% off,Y,Y,Y,N
749,Free Month,Y,N,N,N
750,10% off,N,N,N,N
751,Free Month,Y,Y,Y,Y
752,10% off,N,N,N,N
753,Free Month,Y,Y,Y,Y
754,10% off,N,N,N,N
755,Free Month,Y,Y,N,N
756,10% off,N,N,N,N
757,Free Month,N,N,N,N
758,10% off,N,N,N,N
759,Free Month,N,N,N,N
760,10% off,N,N,N,N
761,Free Month,N,N,N,N
762,10% off,N,N,N,N
763,Free Month,N,N,N,N
764,10% off,Y,Y,Y,N
765,Free Month,Y,Y,Y,Y
766,10% off,N,N,N,N
767,Free Month,Y,N,N,N
768,10% off,N,N,N,N
769,Free Month,Y,N,N,N
770,10% off,N,N,N,N
771,Free Month,Y,Y,N,N
772,10% off,N,N,N,N
773,Free Month,Y,Y,Y,Y
774,10% off,N,N,N,N
775,Free Month,N,N,N,N
776,10% off,N,N,N,N
777,Free Month,Y,Y,N,N
778,10% off,Y,N,N,N
779,Free Month,Y,N,N,N
780,10% off,N,N,N,N
781,Free Month,N,N,N,N
782,10% off,N,N,N,N
783,Free Month,Y,N,N,N
784,10% off,Y,N,N,N
785,Free Month,N,N,N,N
786,10% off,N,N,N,N
787,Free Month,N,N,N,N
788,10% off,Y,N,N,N
789,Free Month,Y,Y,N,N
790,10% off,N,N,N,N
791,Free Month,Y,Y,Y,Y
792,10% off,N,N,N,N
793,Free Month,Y,Y,N,N
794,10% off,Y,Y,Y,Y
795,Free Month,N,N,N,N
796,10% off,N,N,N,N
797,Free Month,Y,Y,N,N
798,10% off,N,N,N,N
799,Free Month,Y,N,N,N
800,10% off,N,N,N,N
801,Free Month,Y,Y,Y,Y
802,10% off,Y,N,N,N
803,Free Month,N,N,N,N
804,10% off,Y,Y,Y,N
805,Free Month,N,N,N,N
806,10% off,N,N,N,N
807,Free Month,N,N,N,N
808,10% off,N,N,N,N
809,Free Month,Y,N,N,N
810,10% off,Y,Y,Y,Y
811,Free Month,N,N,N,N
812,10% off,N,N,N,N
813,Free Month,N,N,N,N
814,10% off,Y,Y,Y,Y
815,Free Month,N,N,N,N
816,10% off,N,N,N,N
817,Free Month,N,N,N,N
818,10% off,N,N,N,N
819,Free Month,N,N,N,N
820,10% off,N,N,N,N
821,Free Month,N,N,N,N
822,10% off,N,N,N,N
823,Free Month,N,N,N,N
824,10% off,N,N,N,N
825,Free Month,N,N,N,N
826,10% off,N,N,N,N
827,Free Month,N,N,N,N
828,10% off,N,N,N,N
829,Free Month,Y,N,N,N
830,10% off,N,N,N,N
831,Free Month,Y,N,N,N
832,10% off,N,N,N,N
833,Free Month,N,N,N,N
834,10% off,N,N,N,N
835,Free Month,Y,Y,Y,Y
836,10% off,N,N,N,N
837,Free Month,N,N,N,N
838,10% off,Y,N,N,N
839,Free Month,N,N,N,N
840,10% off,N,N,N,N
841,Free Month,N,N,N,N
842,10% off,N,N,N,N
843,Free Month,Y,N,N,N
844,10% off,N,N,N,N
845,Free Month,N,N,N,N
846,10% off,N,N,N,N
847,Free Month,N,N,N,N
848,10% off,N,N,N,N
849,Free Month,N,N,N,N
850,10% off,N,N,N,N
851,Free Month,N,N,N,N
852,10% off,Y,Y,Y,Y
853,Free Month,Y,N,N,N
854,10% off,N,N,N,N
855,Free Month,N,N,N,N
856,10% off,N,N,N,N
857,Free Month,Y,Y,Y,Y
858,10% off,Y,N,N,N
859,Free Month,N,N,N,N
860,10% off,Y,Y,Y,Y
861,Free Month,N,N,N,N
862,10% off,N,N,N,N
863,Free Month,Y,Y,Y,Y
864,10% off,Y,N,N,N
865,Free Month,N,N,N,N
866,10% off,N,N,N,N
867,Free Month,N,N,N,N
868,10% off,Y,N,N,N
869,Free Month,N,N,N,N
870,10% off,N,N,N,N
871,Free Month,N,N,N,N
872,10% off,Y,N,N,N
873,Free Month,N,N,N,N
874,10% off,N,N,N,N
875,Free Month,N,N,N,N
876,10% off,N,N,N,N
877,Free Month,Y,Y,Y,Y
878,10% off,N,N,N,N
879,Free Month,Y,N,N,N
880,10% off,N,N,N,N
881,Free Month,N,N,N,N
882,10% off,N,N,N,N
883,Free Month,N,N,N,N
884,10% off,N,N,N,N
885,Free Month,N,N,N,N
886,10% off,Y,Y,N,N
887,Free Month,N,N,N,N
888,10% off,N,N,N,N
889,Free Month,Y,N,N,N
890,10% off,N,N,N,N
891,Free Month,Y,N,N,N
892,10% off,N,N,N,N
893,Free Month,Y,Y,Y,Y
894,10% off,Y,Y,Y,Y
895,Free Month,Y,N,N,N
896,10% off,Y,N,N,N
897,Free Month,N,N,N,N
898,10% off,N,N,N,N
899,Free Month,N,N,N,N
900,10% off,N,N,N,N
901,Free Month,N,N,N,N
902,10% off,Y,N,N,N
903,Free Month,Y,N,N,N
904,10% off,N,N,N,N
905,Free Month,N,N,N,N
906,10% off,Y,N,N,N
907,Free Month,N,N,N,N
908,10% off,N,N,N,N
909,Free Month,N,N,N,N
910,10% off,N,N,N,N
911,Free Month,N,N,N,N
912,10% off,N,N,N,N
913,Free Month,Y,Y,N,N
914,10% off,N,N,N,N
915,Free Month,Y,N,N,N
916,10% off,N,N,N,N
917,Free Month,N,N,N,N
918,10% off,N,N,N,N
919,Free Month,N,N,N,N
920,10% off,N,N,N,N
921,Free Month,Y,Y,N,N
922,10% off,N,N,N,N
923,Free Month,N,N,N,N
924,10% off,N,N,N,N
925,Free Month,Y,N,N,N
926,10% off,N,N,N,N
927,Free Month,Y,N,N,N
928,10% off,N,N,N,N
929,Free Month,Y,N,N,N
930,10% off,N,N,N,N
931,Free Month,N,N,N,N
932,10% off,Y,Y,N,N
933,Free Month,N,N,N,N
934,10% off,Y,N,N,N
935,Free Month,N,N,N,N
936,10% off,N,N,N,N
937,Free Month,N,N,N,N
938,10% off,N,N,N,N
939,Free Month,Y,N,N,N
940,10% off,N,N,N,N
941,Free Month,N,N,N,N
942,10% off,Y,N,N,N
943,Free Month,N,N,N,N
944,10% off,N,N,N,N
945,Free Month,Y,N,N,N
946,10% off,N,N,N,N
947,Free Month,Y,N,N,N
948,10% off,N,N,N,N
949,Free Month,N,N,N,N
950,10% off,N,N,N,N
951,Free Month,Y,Y,N,N
952,10% off,N,N,N,N
953,Free Month,N,N,N,N
954,10% off,Y,Y,Y,Y
955,Free Month,N,N,N,N
956,10% off,Y,N,N,N
957,Free Month,N,N,N,N
958,10% off,N,N,N,N
959,Free Month,Y,N,N,N
960,10% off,N,N,N,N
961,Free Month,Y,Y,N,N
962,10% off,N,N,N,N
963,Free Month,N,N,N,N
964,10% off,Y,Y,Y,Y
965,Free Month,N,N,N,N
966,10% off,N,N,N,N
967,Free Month,N,N,N,N
968,10% off,Y,N,N,N
969,Free Month,N,N,N,N
970,10% off,Y,N,N,N
971,Free Month,N,N,N,N
972,10% off,N,N,N,N
973,Free Month,Y,Y,Y,Y
974,10% off,N,N,N,N
975,Free Month,N,N,N,N
976,10% off,Y,N,N,N
977,Free Month,N,N,N,N
978,10% off,Y,Y,Y,Y
979,Free Month,N,N,N,N
980,10% off,N,N,N,N
981,Free Month,Y,N,N,N
982,10% off,N,N,N,N
983,Free Month,N,N,N,N
984,10% off,N,N,N,N
985,Free Month,N,N,N,N
986,10% off,N,N,N,N
987,Free Month,Y,N,N,N
988,10% off,N,N,N,N
989,Free Month,N,N,N,N
990,10% off,N,N,N,N
991,Free Month,N,N,N,N
992,10% off,N,N,N,N
993,Free Month,N,N,N,N
994,10% off,Y,N,N,N
995,Free Month,N,N,N,N
996,10% off,N,N,N,N
997,Free Month,Y,N,N,N
998,10% off,Y,N,N,N
999,Free Month,N,N,N,N
1000,10% off,N,N,N,N
1001,Free Month,Y,N,N,N
1002,10% off,N,N,N,N
1003,Free Month,Y,Y,N,N
1004,10% off,Y,N,N,N
1005,Free Month,N,N,N,N
1006,10% off,Y,Y,Y,Y
1007,Free Month,N,N,N,N
1008,10% off,N,N,N,N
1009,Free Month,Y,N,N,N
1010,10% off,N,N,N,N
1011,Free Month,N,N,N,N
1012,10% off,N,N,N,N
1013,Free Month,N,N,N,N
1014,10% off,N,N,N,N
1015,Free Month,N,N,N,N
1016,10% off,N,N,N,N
1017,Free Month,Y,Y,Y,Y
1018,10% off,N,N,N,N
1019,Free Month,Y,N,N,N
1020,10% off,N,N,N,N
1021,Free Month,Y,N,N,N
1022,10% off,N,N,N,N
1023,Free Month,N,N,N,N
1024,10% off,N,N,N,N
1025,Free Month,N,N,N,N
1026,10% off,N,N,N,N
1027,Free Month,N,N,N,N
1028,10% off,N,N,N,N
1029,Free Month,N,N,N,N
1030,10% off,N,N,N,N
1031,Free Month,N,N,N,N
1032,10% off,Y,N,N,N
1033,Free Month,Y,N,N,N
1034,10% off,N,N,N,N
1035,Free Month,Y,Y,Y,N
1036,10% off,Y,N,N,N
1037,Free Month,N,N,N,N
1038,10% off,N,N,N,N
1039,Free Month,N,N,N,N
1040,10% off,N,N,N,N
1041,Free Month,N,N,N,N
1042,10% off,N,N,N,N
1043,Free Month,N,N,N,N
1044,10% off,Y,N,N,N
1045,Free Month,N,N,N,N
1046,10% off,N,N,N,N
1047,Free Month,N,N,N,N
1048,10% off,N,N,N,N
1049,Free Month,N,N,N,N
1050,10% off,N,N,N,N
1051,Free Month,Y,N,N,N
1052,10% off,N,N,N,N
1053,Free Month,N,N,N,N
1054,10% off,N,N,N,N
1055,Free Month,N,N,N,N
1056,10% off,N,N,N,N
1057,Free Month,N,N,N,N
1058,10% off,Y,N,N,N
1059,Free Month,Y,Y,Y,Y
1060,10% off,Y,N,N,N
1061,Free Month,N,N,N,N
1062,10% off,N,N,N,N
1063,Free Month,Y,N,N,N
1064,10% off,N,N,N,N
1065,Free Month,N,N,N,N
1066,10% off,N,N,N,N
1067,Free Month,N,N,N,N
1068,10% off,N,N,N,N
1069,Free Month,Y,N,N,N
1070,10% off,N,N,N,N
1071,Free Month,Y,Y,Y,N
1072,10% off,Y,N,N,N
1073,Free Month,N,N,N,N
1074,10% off,N,N,N,N
1075,Free Month,N,N,N,N
1076,10% off,N,N,N,N
1077,Free Month,N,N,N,N
1078,10% off,N,N,N,N
1079,Free Month,Y,N,N,N
1080,10% off,Y,N,N,N
1081,Free Month,N,N,N,N
1082,10% off,Y,N,N,N
1083,Free Month,N,N,N,N
1084,10% off,Y,N,N,N
1085,Free Month,Y,Y,N,N
1086,10% off,N,N,N,N
1087,Free Month,N,N,N,N
1088,10% off,N,N,N,N
1089,Free Month,Y,Y,N,N
1090,10% off,N,N,N,N
1091,Free Month,N,N,N,N
1092,10% off,N,N,N,N
1093,Free Month,N,N,N,N
1094,10% off,N,N,N,N
1095,Free Month,N,N,N,N
1096,10% off,N,N,N,N
1097,Free Month,Y,N,N,N
1098,10% off,Y,N,N,N
1099,Free Month,Y,Y,Y,Y
1100,10% off,N,N,N,N
1101,Free Month,N,N,N,N
1102,10% off,N,N,N,N
1103,Free Month,N,N,N,N
1104,10% off,N,N,N,N
1105,Free Month,Y,Y,Y,N
1106,10% off,Y,Y,Y,Y
1107,Free Month,N,N,N,N
1108,10% off,N,N,N,N
1109,Free Month,Y,Y,N,N
1110,10% off,Y,Y,Y,Y
1111,Free Month,Y,Y,Y,Y
1112,10% off,Y,N,N,N
1113,Free Month,N,N,N,N
1114,10% off,N,N,N,N
1115,Free Month,N,N,N,N
1116,10% off,N,N,N,N
1117,Free Month,Y,Y,Y,N
1118,10% off,Y,N,N,N
1119,Free Month,Y,N,N,N
1120,10% off,Y,Y,Y,Y
1121,Free Month,Y,Y,Y,Y
1122,10% off,N,N,N,N
1123,Free Month,N,N,N,N
1124,10% off,N,N,N,N
1125,Free Month,N,N,N,N
1126,10% off,N,N,N,N
1127,Free Month,Y,N,N,N
1128,10% off,N,N,N,N
1129,Free Month,N,N,N,N
1130,10% off,N,N,N,N
1131,Free Month,N,N,N,N
1132,10% off,N,N,N,N
1133,Free Month,Y,Y,N,N
1134,10% off,N,N,N,N
1135,Free Month,Y,N,N,N
1136,10% off,Y,N,N,N
1137,Free Month,N,N,N,N
1138,10% off,Y,Y,Y,Y
1139,Free Month,Y,Y,Y,N
1140,10% off,Y,Y,N,N
1141,Free Month,Y,Y,N,N
1142,10% off,N,N,N,N
1143,Free Month,N,N,N,N
1144,10% off,N,N,N,N
1145,Free Month,Y,Y,N,N
1146,10% off,N,N,N,N
1147,Free Month,N,N,N,N
1148,10% off,N,N,N,N
1149,Free Month,N,N,N,N
1150,10% off,Y,N,N,N
1151,Free Month,N,N,N,N
1152,10% off,N,N,N,N
1153,Free Month,N,N,N,N
1154,10% off,Y,Y,Y,Y
1155,Free Month,Y,N,N,N
1156,10% off,N,N,N,N
1157,Free Month,N,N,N,N
1158,10% off,N,N,N,N
1159,Free Month,N,N,N,N
1160,10% off,Y,Y,Y,Y
1161,Free Month,Y,N,N,N
1162,10% off,N,N,N,N
1163,Free Month,Y,Y,Y,Y
1164,10% off,N,N,N,N
1165,Free Month,N,N,N,N
1166,10% off,N,N,N,N
1167,Free Month,N,N,N,N
1168,10% off,Y,Y,Y,Y
1169,Free Month,Y,N,N,N
1170,10% off,N,N,N,N
1171,Free Month,Y,Y,Y,Y
1172,10% off,N,N,N,N
1173,Free Month,N,N,N,N
1174,10% off,Y,Y,N,N
1175,Free Month,N,N,N,N
1176,10% off,N,N,N,N
1177,Free Month,Y,N,N,N
1178,10% off,N,N,N,N
1179,Free Month,N,N,N,N
1180,10% off,N,N,N,N
1181,Free Month,Y,N,N,N
1182,10% off,N,N,N,N
1183,Free Month,N,N,N,N
1184,10% off,Y,Y,N,N
1185,Free Month,N,N,N,N
1186,10% off,N,N,N,N
1187,Free Month,N,N,N,N
1188,10% off,Y,N,N,N
1189,Free Month,Y,Y,Y,Y
1190,10% off,N,N,N,N
1191,Free Month,N,N,N,N
1192,10% off,N,N,N,N
1193,Free Month,Y,N,N,N
1194,10% off,N,N,N,N
1195,Free Month,N,N,N,N
1196,10% off,N,N,N,N
1197,Free Month,N,N,N,N
1198,10% off,N,N,N,N
1199,Free Month,Y,Y,Y,Y
1200,10% off,N,N,N,N
1201,Free Month,Y,N,N,N
1202,10% off,N,N,N,N
1203,Free Month,N,N,N,N
1204,10% off,Y,Y,Y,N
1205,Free Month,Y,Y,N,N
1206,10% off,Y,Y,N,N
1207,Free Month,Y,Y,N,N
1208,10% off,N,N,N,N
1209,Free Month,Y,N,N,N
1210,10% off,Y,N,N,N
1211,Free Month,Y,N,N,N
1212,10% off,Y,N,N,N
1213,Free Month,Y,Y,Y,Y
1214,10% off,Y,N,N,N
1215,Free Month,N,N,N,N
1216,10% off,N,N,N,N
1217,Free Month,N,N,N,N
1218,10% off,N,N,N,N
1219,Free Month,N,N,N,N
1220,10% off,N,N,N,N
1221,Free Month,Y,N,N,N
1222,10% off,Y,N,N,N
1223,Free Month,N,N,N,N
1224,10% off,Y,Y,Y,Y
1225,Free Month,N,N,N,N
1226,10% off,N,N,N,N
1227,Free Month,N,N,N,N
1228,10% off,N,N,N,N
1229,Free Month,N,N,N,N
1230,10% off,N,N,N,N
1231,Free Month,Y,Y,Y,Y
1232,10% off,N,N,N,N
1233,Free Month,N,N,N,N
1234,10% off,N,N,N,N
1235,Free Month,N,N,N,N
1236,10% off,N,N,N,N
1237,Free Month,N,N,N,N
1238,10% off,N,N,N,N
1239,Free Month,Y,N,N,N
1240,10% off,Y,N,N,N
1241,Free Month,N,N,N,N
1242,10% off,N,N,N,N
1243,Free Month,N,N,N,N
1244,10% off,N,N,N,N
1245,Free Month,Y,Y,Y,Y
1246,10% off,N,N,N,N
1247,Free Month,Y,N,N,N
1248,10% off,N,N,N,N
1249,Free Month,N,N,N,N
1250,10% off,N,N,N,N
1251,Free Month,N,N,N,N
1252,10% off,Y,Y,Y,Y
1253,Free Month,N,N,N,N
1254,10% off,N,N,N,N
1255,Free Month,N,N,N,N
1256,10% off,N,N,N,N
1257,Free Month,Y,Y,Y,Y
1258,10% off,Y,Y,Y,Y
1259,Free Month,Y,Y,N,N
1260,10% off,Y,N,N,N
1261,Free Month,N,N,N,N
1262,10% off,Y,N,N,N
1263,Free Month,Y,N,N,N
1264,10% off,N,N,N,N
1265,Free Month,N,N,N,N
1266,10% off,N,N,N,N
1267,Free Month,Y,N,N,N
1268,10% off,Y,N,N,N
1269,Free Month,Y,Y,Y,N
1270,10% off,N,N,N,N
1271,Free Month,N,N,N,N
1272,10% off,Y,N,N,N
1273,Free Month,N,N,N,N
1274,10% off,Y,Y,Y,Y
1275,Free Month,N,N,N,N
1276,10% off,Y,Y,Y,Y
1277,Free Month,Y,N,N,N
1278,10% off,Y,Y,Y,Y
1279,Free Month,N,N,N,N
1280,10% off,Y,N,N,N
1281,Free Month,Y,Y,N,N
1282,10% off,N,N,N,N
1283,Free Month,Y,N,N,N
1284,10% off,Y,N,N,N
1285,Free Month,N,N,N,N
1286,10% off,N,N,N,N
1287,Free Month,N,N,N,N
1288,10% off,Y,Y,Y,Y
1289,Free Month,N,N,N,N
1290,10% off,N,N,N,N
1291,Free Month,N,N,N,N
1292,10% off,N,N,N,N
1293,Free Month,Y,Y,Y,N
1294,10% off,N,N,N,N
1295,Free Month,Y,N,N,N
1296,10% off,N,N,N,N
1297,Free Month,Y,Y,N,N
1298,10% off,N,N,N,N
1299,Free Month,Y,Y,Y,Y
1300,10% off,N,N,N,N
1301,Free Month,Y,Y,Y,Y
1302,10% off,Y,N,N,N
1303,Free Month,Y,Y,Y,Y
1304,10% off,N,N,N,N
1305,Free Month,N,N,N,N
1306,10% off,Y,N,N,N
1307,Free Month,N,N,N,N
1308,10% off,N,N,N,N
1309,Free Month,N,N,N,N
1310,10% off,N,N,N,N
1311,Free Month,N,N,N,N
1312,10% off,N,N,N,N
1313,Free Month,N,N,N,N
1314,10% off,N,N,N,N
1315,Free Month,N,N,N,N
1316,10% off,N,N,N,N
1317,Free Month,N,N,N,N
1318,10% off,N,N,N,N
1319,Free Month,Y,N,N,N
1320,10% off,Y,Y,Y,Y
1321,Free Month,Y,N,N,N
1322,10% off,Y,N,N,N
1323,Free Month,N,N,N,N
1324,10% off,N,N,N,N
1325,Free Month,N,N,N,N
1326,10% off,N,N,N,N
1327,Free Month,N,N,N,N
1328,10% off,Y,Y,Y,Y
1329,Free Month,Y,Y,Y,N
1330,10% off,N,N,N,N
1331,Free Month,N,N,N,N
1332,10% off,N,N,N,N
1333,Free Month,Y,Y,N,N
1334,10% off,Y,Y,Y,Y
1335,Free Month,Y,N,N,N
1336,10% off,N,N,N,N
1337,Free Month,N,N,N,N
1338,10% off,N,N,N,N
1339,Free Month,Y,N,N,N
1340,10% off,Y,N,N,N
1341,Free Month,Y,N,N,N
1342,10% off,N,N,N,N
1343,Free Month,N,N,N,N
1344,10% off,N,N,N,N
1345,Free Month,N,N,N,N
1346,10% off,N,N,N,N
1347,Free Month,Y,Y,Y,Y
1348,10% off,N,N,N,N
1349,Free Month,N,N,N,N
1350,10% off,N,N,N,N
1351,Free Month,Y,N,N,N
1352,10% off,Y,Y,N,N
1353,Free Month,Y,Y,Y,N
1354,10% off,N,N,N,N
1355,Free Month,Y,Y,Y,N
1356,10% off,N,N,N,N
1357,Free Month,Y,N,N,N
1358,10% off,N,N,N,N
1359,Free Month,Y,Y,N,N
1360,10% off,N,N,N,N
1361,Free Month,N,N,N,N
1362,10% off,N,N,N,N
1363,Free Month,N,N,N,N
1364,10% off,N,N,N,N
1365,Free Month,Y,Y,Y,Y
1366,10% off,N,N,N,N
1367,Free Month,N,N,N,N
1368,10% off,N,N,N,N
1369,Free Month,N,N,N,N
1370,10% off,N,N,N,N
1371,Free Month,N,N,N,N
1372,10% off,N,N,N,N
1373,Free Month,N,N,N,N
1374,10% off,N,N,N,N
1375,Free Month,N,N,N,N
1376,10% off,N,N,N,N
1377,Free Month,N,N,N,N
1378,10% off,Y,Y,N,N
1379,Free Month,N,N,N,N
1380,10% off,N,N,N,N
1381,Free Month,N,N,N,N
1382,10% off,Y,Y,Y,Y
1383,Free Month,N,N,N,N
1384,10% off,Y,Y,Y,Y
1385,Free Month,Y,Y,Y,Y
1386,10% off,N,N,N,N
1387,Free Month,Y,Y,Y,Y
1388,10% off,Y,N,N,N
1389,Free Month,Y,Y,Y,Y
1390,10% off,N,N,N,N
1391,Free Month,Y,N,N,N
1392,10% off,N,N,N,N
1393,Free Month,N,N,N,N
1394,10% off,Y,Y,Y,Y
1395,Free Month,N,N,N,N
1396,10% off,Y,Y,Y,Y
1397,Free Month,N,N,N,N
1398,10% off,Y,Y,Y,Y
1399,Free Month,Y,Y,Y,Y
1400,10% off,N,N,N,N
1401,Free Month,N,N,N,N
1402,10% off,Y,N,N,N
1403,Free Month,N,N,N,N
1404,10% off,N,N,N,N
1405,Free Month,N,N,N,N
1406,10% off,N,N,N,N
1407,Free Month,N,N,N,N
1408,10% off,N,N,N,N
1409,Free Month,Y,N,N,N
1410,10% off,Y,N,N,N
1411,Free Month,Y,Y,Y,N
1412,10% off,Y,N,N,N
1413,Free Month,N,N,N,N
1414,10% off,N,N,N,N
1415,Free Month,N,N,N,N
1416,10% off,Y,Y,Y,Y
1417,Free Month,Y,N,N,N
1418,10% off,N,N,N,N
1419,Free Month,Y,N,N,N
1420,10% off,N,N,N,N
1421,Free Month,Y,N,N,N
1422,10% off,Y,Y,Y,Y
1423,Free Month,N,N,N,N
1424,10% off,N,N,N,N
1425,Free Month,Y,N,N,N
1426,10% off,N,N,N,N
1427,Free Month,N,N,N,N
1428,10% off,Y,Y,Y,Y
1429,Free Month,N,N,N,N
1430,10% off,N,N,N,N
1431,Free Month,Y,N,N,N
1432,10% off,Y,Y,Y,Y
1433,Free Month,N,N,N,N
1434,10% off,Y,N,N,N
1435,Free Month,N,N,N,N
1436,10% off,N,N,N,N
1437,Free Month,N,N,N,N
1438,10% off,Y,Y,N,N
1439,Free Month,Y,N,N,N
1440,10% off,Y,N,N,N
1441,Free Month,Y,Y,Y,N
1442,10% off,Y,N,N,N
1443,Free Month,Y,N,N,N
1444,10% off,N,N,N,N
1445,Free Month,Y,Y,Y,Y
1446,10% off,N,N,N,N
1447,Free Month,Y,N,N,N
1448,10% off,N,N,N,N
1449,Free Month,Y,N,N,N
1450,10% off,N,N,N,N
1451,Free Month,N,N,N,N
1452,10% off,Y,Y,Y,Y
1453,Free Month,N,N,N,N
1454,10% off,N,N,N,N
1455,Free Month,N,N,N,N
1456,10% off,Y,N,N,N
1457,Free Month,Y,N,N,N
1458,10% off,Y,Y,Y,Y
1459,Free Month,N,N,N,N
1460,10% off,N,N,N,N
1461,Free Month,Y,Y,N,N
1462,10% off,Y,Y,Y,Y
1463,Free Month,N,N,N,N
1464,10% off,Y,Y,Y,Y
1465,Free Month,N,N,N,N
1466,10% off,N,N,N,N
1467,Free Month,N,N,N,N
1468,10% off,N,N,N,N
1469,Free Month,N,N,N,N
1470,10% off,N,N,N,N
1471,Free Month,Y,Y,Y,Y
1472,10% off,Y,N,N,N
1473,Free Month,N,N,N,N
1474,10% off,Y,N,N,N
1475,Free Month,Y,N,N,N
1476,10% off,N,N,N,N
1477,Free Month,N,N,N,N
1478,10% off,Y,N,N,N
1479,Free Month,Y,N,N,N
1480,10% off,Y,N,N,N
1481,Free Month,N,N,N,N
1482,10% off,N,N,N,N
1483,Free Month,N,N,N,N
1484,10% off,N,N,N,N
1485,Free Month,Y,N,N,N
1486,10% off,Y,N,N,N
1487,Free Month,Y,N,N,N
1488,10% off,N,N,N,N
1489,Free Month,Y,Y,N,N
1490,10% off,N,N,N,N
1491,Free Month,N,N,N,N
1492,10% off,N,N,N,N
1493,Free Month,N,N,N,N
1494,10% off,N,N,N,N
1495,Free Month,Y,N,N,N
1496,10% off,N,N,N,N
1497,Free Month,N,N,N,N
1498,10% off,N,N,N,N
1499,Free Month,N,N,N,N
1500,10% off,N,N,N,N
1501,Free Month,N,N,N,N
1502,10% off,N,N,N,N
1503,Free Month,Y,N,N,N
1504,10% off,N,N,N,N
1505,Free Month,N,N,N,N
1506,10% off,Y,N,N,N
1507,Free Month,N,N,N,N
1508,10% off,N,N,N,N
1509,Free Month,Y,N,N,N
1510,10% off,Y,Y,Y,Y
1511,Free Month,N,N,N,N
1512,10% off,N,N,N,N
1513,Free Month,Y,Y,Y,Y
1514,10% off,Y,Y,Y,Y
1515,Free Month,Y,N,N,N
1516,10% off,N,N,N,N
1517,Free Month,N,N,N,N
1518,10% off,N,N,N,N
1519,Free Month,N,N,N,N
1520,10% off,N,N,N,N
1521,Free Month,N,N,N,N
1522,10% off,N,N,N,N
1523,Free Month,Y,N,N,N
1524,10% off,N,N,N,N
1525,Free Month,Y,Y,N,N
1526,10% off,N,N,N,N
1527,Free Month,N,N,N,N
1528,10% off,N,N,N,N
1529,Free Month,N,N,N,N
1530,10% off,N,N,N,N
1531,Free Month,N,N,N,N
1532,10% off,Y,N,N,N
1533,Free Month,N,N,N,N
1534,10% off,N,N,N,N
1535,Free Month,Y,Y,Y,Y
1536,10% off,N,N,N,N
1537,Free Month,Y,N,N,N
1538,10% off,N,N,N,N
1539,Free Month,N,N,N,N
1540,10% off,N,N,N,N
1541,Free Month,Y,Y,Y,Y
1542,10% off,Y,N,N,N
1543,Free Month,N,N,N,N
1544,10% off,N,N,N,N
1545,Free Month,Y,N,N,N
1546,10% off,Y,N,N,N
1547,Free Month,Y,Y,N,N
1548,10% off,Y,Y,N,N
1549,Free Month,N,N,N,N
1550,10% off,N,N,N,N
1551,Free Month,N,N,N,N
1552,10% off,N,N,N,N
1553,Free Month,N,N,N,N
1554,10% off,N,N,N,N
1555,Free Month,Y,N,N,N
1556,10% off,N,N,N,N
1557,Free Month,N,N,N,N
1558,10% off,N,N,N,N
1559,Free Month,Y,Y,N,N
1560,10% off,N,N,N,N
1561,Free Month,N,N,N,N
1562,10% off,Y,N,N,N
1563,Free Month,Y,N,N,N
1564,10% off,N,N,N,N
1565,Free Month,N,N,N,N
1566,10% off,N,N,N,N
1567,Free Month,N,N,N,N
1568,10% off,N,N,N,N
1569,Free Month,Y,N,N,N
1570,10% off,N,N,N,N
1571,Free Month,N,N,N,N
1572,10% off,N,N,N,N
1573,Free Month,Y,N,N,N
1574,10% off,N,N,N,N
1575,Free Month,N,N,N,N
1576,10% off,Y,Y,Y,Y
1577,Free Month,Y,Y,N,N
1578,10% off,N,N,N,N
1579,Free Month,N,N,N,N
1580,10% off,N,N,N,N
1581,Free Month,N,N,N,N
1582,10% off,N,N,N,N
1583,Free Month,Y,Y,Y,Y
1584,10% off,N,N,N,N
1585,Free Month,N,N,N,N
1586,10% off,N,N,N,N
1587,Free Month,N,N,N,N
1588,10% off,N,N,N,N
1589,Free Month,N,N,N,N
1590,10% off,Y,N,N,N
1591,Free Month,N,N,N,N
1592,10% off,N,N,N,N
1593,Free Month,N,N,N,N
1594,10% off,N,N,N,N
1595,Free Month,N,N,N,N
1596,10% off,N,N,N,N
1597,Free Month,N,N,N,N
1598,10% off,N,N,N,N
1599,Free Month,N,N,N,N
1600,10% off,N,N,N,N
1601,Free Month,N,N,N,N
1602,10% off,Y,N,N,N
1603,Free Month,N,N,N,N
1604,10% off,N,N,N,N
1605,Free Month,Y,N,N,N
1606,10% off,Y,Y,Y,Y
1607,Free Month,N,N,N,N
1608,10% off,N,N,N,N
1609,Free Month,N,N,N,N
1610,10% off,N,N,N,N
1611,Free Month,N,N,N,N
1612,10% off,Y,N,N,N
1613,Free Month,N,N,N,N
1614,10% off,N,N,N,N
1615,Free Month,Y,N,N,N
1616,10% off,Y,Y,Y,Y
1617,Free Month,N,N,N,N
1618,10% off,Y,Y,Y,Y
1619,Free Month,N,N,N,N
1620,10% off,N,N,N,N
1621,Free Month,Y,Y,Y,Y
1622,10% off,N,N,N,N
1623,Free Month,Y,Y,Y,Y
1624,10% off,N,N,N,N
1625,Free Month,N,N,N,N
1626,10% off,N,N,N,N
1627,Free Month,Y,N,N,N
1628,10% off,N,N,N,N
1629,Free Month,Y,N,N,N
1630,10% off,Y,N,N,N
1631,Free Month,Y,N,N,N
1632,10% off,N,N,N,N
1633,Free Month,Y,N,N,N
1634,10% off,Y,Y,N,N
1635,Free Month,N,N,N,N
1636,10% off,Y,N,N,N
1637,Free Month,N,N,N,N
1638,10% off,N,N,N,N
1639,Free Month,N,N,N,N
1640,10% off,N,N,N,N
1641,Free Month,N,N,N,N
1642,10% off,N,N,N,N
1643,Free Month,Y,Y,N,N
1644,10% off,N,N,N,N
1645,Free Month,N,N,N,N
1646,10% off,Y,N,N,N
1647,Free Month,N,N,N,N
1648,10% off,Y,N,N,N
1649,Free Month,N,N,N,N
1650,10% off,N,N,N,N
1651,Free Month,Y,N,N,N
1652,10% off,N,N,N,N
1653,Free Month,N,N,N,N
1654,10% off,Y,N,N,N
1655,Free Month,N,N,N,N
1656,10% off,Y,Y,N,N
1657,Free Month,N,N,N,N
1658,10% off,N,N,N,N
1659,Free Month,N,N,N,N
1660,10% off,N,N,N,N
1661,Free Month,N,N,N,N
1662,10% off,Y,N,N,N
1663,Free Month,N,N,N,N
1664,10% off,N,N,N,N
1665,Free Month,N,N,N,N
1666,10% off,Y,Y,N,N
1667,Free Month,N,N,N,N
1668,10% off,Y,N,N,N
1669,Free Month,Y,Y,Y,Y
1670,10% off,N,N,N,N
1671,Free Month,N,N,N,N
1672,10% off,N,N,N,N
1673,Free Month,N,N,N,N
1674,10% off,N,N,N,N
1675,Free Month,N,N,N,N
1676,10% off,N,N,N,N
1677,Free Month,Y,N,N,N
1678,10% off,N,N,N,N
1679,Free Month,N,N,N,N
1680,10% off,Y,Y,N,N
1681,Free Month,N,N,N,N
1682,10% off,N,N,N,N
1683,Free Month,N,N,N,N
1684,10% off,N,N,N,N
1685,Free Month,N,N,N,N
1686,10% off,Y,Y,Y,Y
1687,Free Month,N,N,N,N
1688,10% off,Y,Y,Y,Y
1689,Free Month,N,N,N,N
1690,10% off,N,N,N,N
1691,Free Month,N,N,N,N
1692,10% off,N,N,N,N
1693,Free Month,N,N,N,N
1694,10% off,Y,N,N,N
1695,Free Month,Y,N,N,N
1696,10% off,N,N,N,N
1697,Free Month,Y,Y,Y,Y
1698,10% off,Y,Y,Y,Y
1699,Free Month,Y,N,N,N
1700,10% off,N,N,N,N
1701,Free Month,N,N,N,N
1702,10% off,Y,Y,N,N
1703,Free Month,N,N,N,N
1704,10% off,N,N,N,N
1705,Free Month,Y,N,N,N
1706,10% off,N,N,N,N
1707,Free Month,N,N,N,N
1708,10% off,N,N,N,N
1709,Free Month,Y,N,N,N
1710,10% off,N,N,N,N
1711,Free Month,N,N,N,N
1712,10% off,N,N,N,N
1713,Free Month,N,N,N,N
1714,10% off,N,N,N,N
1715,Free Month,N,N,N,N
1716,10% off,Y,N,N,N
1717,Free Month,Y,Y,Y,Y
1718,10% off,Y,N,N,N
1719,Free Month,Y,N,N,N
1720,10% off,Y,N,N,N
1721,Free Month,N,N,N,N
1722,10% off,N,N,N,N
1723,Free Month,N,N,N,N
1724,10% off,N,N,N,N
1725,Free Month,N,N,N,N
1726,10% off,N,N,N,N
1727,Free Month,N,N,N,N
1728,10% off,N,N,N,N
1729,Free Month,Y,N,N,N
1730,10% off,N,N,N,N
1731,Free Month,Y,Y,Y,N
1732,10% off,N,N,N,N
1733,Free Month,Y,N,N,N
1734,10% off,N,N,N,N
1735,Free Month,Y,Y,Y,Y
1736,10% off,Y,Y,Y,Y
1737,Free Month,Y,N,N,N
1738,10% off,N,N,N,N
1739,Free Month,Y,Y,N,N
1740,10% off,N,N,N,N
1741,Free Month,N,N,N,N
1742,10% off,N,N,N,N
1743,Free Month,Y,Y,Y,Y
1744,10% off,N,N,N,N
1745,Free Month,Y,Y,N,N
1746,10% off,N,N,N,N
1747,Free Month,N,N,N,N
1748,10% off,N,N,N,N
1749,Free Month,N,N,N,N
1750,10% off,N,N,N,N
1751,Free Month,N,N,N,N
1752,10% off,N,N,N,N
1753,Free Month,N,N,N,N
1754,10% off,Y,N,N,N
1755,Free Month,N,N,N,N
1756,10% off,N,N,N,N
1757,Free Month,N,N,N,N
1758,10% off,N,N,N,N
1759,Free Month,N,N,N,N
1760,10% off,Y,Y,Y,Y
1761,Free Month,Y,N,N,N
1762,10% off,N,N,N,N
1763,Free Month,N,N,N,N
1764,10% off,N,N,N,N
1765,Free Month,Y,Y,Y,N
1766,10% off,N,N,N,N
1767,Free Month,Y,Y,Y,Y
1768,10% off,N,N,N,N
1769,Free Month,Y,N,N,N
1770,10% off,N,N,N,N
1771,Free Month,N,N,N,N
1772,10% off,N,N,N,N
1773,Free Month,N,N,N,N
1774,10% off,N,N,N,N
1775,Free Month,N,N,N,N
1776,10% off,Y,Y,Y,Y
1777,Free Month,Y,N,N,N
1778,10% off,Y,N,N,N
1779,Free Month,Y,N,N,N
1780,10% off,N,N,N,N
1781,Free Month,Y,N,N,N
1782,10% off,Y,Y,Y,Y
1783,Free Month,N,N,N,N
1784,10% off,N,N,N,N
1785,Free Month,N,N,N,N
1786,10% off,Y,N,N,N
1787,Free Month,N,N,N,N
1788,10% off,Y,Y,Y,Y
1789,Free Month,N,N,N,N
1790,10% off,Y,N,N,N
1791,Free Month,N,N,N,N
1792,10% off,Y,Y,Y,Y
1793,Free Month,N,N,N,N
1794,10% off,N,N,N,N
1795,Free Month,N,N,N,N
1796,10% off,N,N,N,N
1797,Free Month,N,N,N,N
1798,10% off,N,N,N,N
1799,Free Month,N,N,N,N
1800,10% off,N,N,N,N
1801,Free Month,N,N,N,N
1802,10% off,N,N,N,N
1803,Free Month,Y,N,N,N
1804,10% off,N,N,N,N
1805,Free Month,Y,Y,N,N
1806,10% off,N,N,N,N
1807,Free Month,N,N,N,N
1808,10% off,Y,Y,Y,Y
1809,Free Month,N,N,N,N
1810,10% off,Y,Y,Y,Y
1811,Free Month,N,N,N,N
1812,10% off,N,N,N,N
1813,Free Month,Y,Y,N,N
1814,10% off,N,N,N,N
1815,Free Month,N,N,N,N
1816,10% off,N,N,N,N
1817,Free Month,Y,N,N,N
1818,10% off,N,N,N,N
1819,Free Month,Y,N,N,N
1820,10% off,Y,N,N,N
1821,Free Month,Y,Y,N,N
1822,10% off,Y,Y,Y,Y
1823,Free Month,N,N,N,N
1824,10% off,N,N,N,N
1825,Free Month,Y,Y,N,N
1826,10% off,N,N,N,N
1827,Free Month,N,N,N,N
1828,10% off,N,N,N,N
1829,Free Month,Y,N,N,N
1830,10% off,N,N,N,N
1831,Free Month,N,N,N,N
1832,10% off,Y,N,N,N
1833,Free Month,Y,Y,Y,Y
1834,10% off,Y,N,N,N
1835,Free Month,N,N,N,N
1836,10% off,Y,Y,Y,Y
1837,Free Month,Y,N,N,N
1838,10% off,N,N,N,N
1839,Free Month,N,N,N,N
1840,10% off,Y,N,N,N
1841,Free Month,Y,Y,Y,Y
1842,10% off,N,N,N,N
1843,Free Month,N,N,N,N
1844,10% off,N,N,N,N
1845,Free Month,Y,Y,N,N
1846,10% off,N,N,N,N
1847,Free Month,Y,N,N,N
1848,10% off,N,N,N,N
1849,Free Month,N,N,N,N
1850,10% off,N,N,N,N
1851,Free Month,Y,Y,N,N
1852,10% off,Y,N,N,N
1853,Free Month,N,N,N,N
1854,10% off,N,N,N,N
1855,Free Month,N,N,N,N
1856,10% off,Y,Y,Y,Y
1857,Free Month,Y,N,N,N
1858,10% off,N,N,N,N
1859,Free Month,Y,N,N,N
1860,10% off,N,N,N,N
1861,Free Month,N,N,N,N
1862,10% off,N,N,N,N
1863,Free Month,Y,Y,Y,Y
1864,10% off,N,N,N,N
1865,Free Month,N,N,N,N
1866,10% off,Y,Y,Y,Y
1867,Free Month,N,N,N,N
1868,10% off,N,N,N,N
1869,Free Month,N,N,N,N
1870,10% off,Y,N,N,N
1871,Free Month,N,N,N,N
1872,10% off,Y,N,N,N
1873,Free Month,N,N,N,N
1874,10% off,Y,Y,Y,Y
1875,Free Month,Y,N,N,N
1876,10% off,N,N,N,N
1877,Free Month,Y,N,N,N
1878,10% off,N,N,N,N
1879,Free Month,Y,N,N,N
1880,10% off,N,N,N,N
1881,Free Month,N,N,N,N
1882,10% off,N,N,N,N
1883,Free Month,Y,Y,Y,N
1884,10% off,N,N,N,N
1885,Free Month,N,N,N,N
1886,10% off,Y,N,N,N
1887,Free Month,N,N,N,N
1888,10% off,N,N,N,N
1889,Free Month,N,N,N,N
1890,10% off,N,N,N,N
1891,Free Month,Y,N,N,N
1892,10% off,N,N,N,N
1893,Free Month,N,N,N,N
1894,10% off,N,N,N,N
1895,Free Month,N,N,N,N
1896,10% off,Y,Y,Y,Y
1897,Free Month,N,N,N,N
1898,10% off,N,N,N,N
1899,Free Month,N,N,N,N
1900,10% off,N,N,N,N
1901,Free Month,N,N,N,N
1902,10% off,N,N,N,N
1903,Free Month,N,N,N,N
1904,10% off,N,N,N,N
1905,Free Month,Y,Y,N,N
1906,10% off,Y,N,N,N
1907,Free Month,Y,Y,Y,N
1908,10% off,Y,Y,N,N
1909,Free Month,Y,Y,Y,Y
1910,10% off,N,N,N,N
1911,Free Month,N,N,N,N
1912,10% off,N,N,N,N
1913,Free Month,Y,Y,N,N
1914,10% off,N,N,N,N
1915,Free Month,N,N,N,N
1916,10% off,N,N,N,N
1917,Free Month,Y,Y,Y,N
1918,10% off,N,N,N,N
1919,Free Month,N,N,N,N
1920,10% off,N,N,N,N
1921,Free Month,N,N,N,N
1922,10% off,Y,N,N,N
1923,Free Month,N,N,N,N
1924,10% off,N,N,N,N
1925,Free Month,Y,N,N,N
1926,10% off,Y,Y,Y,Y
1927,Free Month,Y,N,N,N
1928,10% off,N,N,N,N
1929,Free Month,Y,N,N,N
1930,10% off,N,N,N,N
1931,Free Month,N,N,N,N
1932,10% off,N,N,N,N
1933,Free Month,Y,Y,Y,Y
1934,10% off,Y,N,N,N
1935,Free Month,N,N,N,N
1936,10% off,N,N,N,N
1937,Free Month,Y,N,N,N
1938,10% off,N,N,N,N
1939,Free Month,Y,Y,Y,Y
1940,10% off,N,N,N,N
1941,Free Month,N,N,N,N
1942,10% off,N,N,N,N
1943,Free Month,N,N,N,N
1944,10% off,N,N,N,N
1945,Free Month,N,N,N,N
1946,10% off,Y,N,N,N
1947,Free Month,Y,N,N,N
1948,10% off,Y,N,N,N
1949,Free Month,Y,Y,Y,N
1950,10% off,Y,Y,Y,Y
1951,Free Month,Y,Y,Y,N
1952,10% off,Y,N,N,N
1953,Free Month,Y,Y,N,N
1954,10% off,N,N,N,N
1955,Free Month,Y,N,N,N
1956,10% off,Y,N,N,N
1957,Free Month,N,N,N,N
1958,10% off,Y,Y,Y,Y
1959,Free Month,Y,N,N,N
1960,10% off,N,N,N,N
1961,Free Month,Y,N,N,N
1962,10% off,N,N,N,N
1963,Free Month,N,N,N,N
1964,10% off,N,N,N,N
1965,Free Month,N,N,N,N
1966,10% off,N,N,N,N
1967,Free Month,Y,Y,N,N
1968,10% off,N,N,N,N
1969,Free Month,Y,N,N,N
1970,10% off,N,N,N,N
1971,Free Month,N,N,N,N
1972,10% off,N,N,N,N
1973,Free Month,N,N,N,N
1974,10% off,Y,N,N,N
1975,Free Month,N,N,N,N
1976,10% off,Y,N,N,N
1977,Free Month,Y,Y,Y,Y
1978,10% off,N,N,N,N
1979,Free Month,Y,N,N,N
1980,10% off,N,N,N,N
1981,Free Month,N,N,N,N
1982,10% off,N,N,N,N
1983,Free Month,N,N,N,N
1984,10% off,N,N,N,N
1985,Free Month,N,N,N,N
1986,10% off,N,N,N,N
1987,Free Month,Y,Y,N,N
1988,10% off,N,N,N,N
1989,Free Month,N,N,N,N
1990,10% off,N,N,N,N
1991,Free Month,N,N,N,N
1992,10% off,Y,Y,N,N
1993,Free Month,Y,N,N,N
1994,10% off,N,N,N,N
1995,Free Month,Y,Y,Y,N
1996,10% off,N,N,N,N
1997,Free Month,N,N,N,N
1998,10% off,N,N,N,N
1999,Free Month,N,N,N,N
2000,10% off,N,N,N,N